name,baseCurrency,quoteCurrency,type,bid,change1h
1INCH/USD,1INCH,USD,spot,1.1878,-0.004517316379454576
AAPL/USD,AAPL,USD,spot,158.05,-0.0006954542580767529
AAVE/USD,AAVE,USD,spot,145.77,0.005516100117217128
AAVE/USDT,AAVE,USDT,spot,145.69,0.005791505791505791
ABNB/USD,ABNB,USD,spot,152.27,0.0
ACB/USD,ACB,USD,spot,3.077,-0.003562176165803109
AGLD/USD,AGLD,USD,spot,0.956,0.01483836777954425
AKRO/USD,AKRO,USD,spot,0.008455,0.02671523982999393
AKRO/USDT,AKRO,USDT,spot,0.008465,0.034713763702801465
ALCX/USD,ALCX,USD,spot,64.1,0.009433962264150943
ALEPH/USD,ALEPH,USD,spot,0.2612,0.0
ALGO/USD,ALGO,USD,spot,0.6277,0.036414565826330535
ALGO/USDT,ALGO,USDT,spot,0.628,0.036243822075782535
ALICE/USD,ALICE,USD,spot,4.965,0.018433179723502304
ALPHA/USD,ALPHA,USD,spot,0.2816,0.015852999459556837
AMC/USD,AMC,USD,spot,15.24,-0.0026109660574412533
AMD/USD,AMD,USD,spot,90.4,-0.001104728236853734
AMPL/USD,AMPL,USD,spot,1.0469,0.014011015557058653
AMPL/USDT,AMPL,USDT,spot,1.0429,0.017574521798232837
AMZN/USD,AMZN,USD,spot,2485.2,8.047642040882022e-05
ANC/USD,ANC,USD,spot,1.714,0.013425789318383004
APE/USD,APE,USD,spot,14.892,0.01588383666234917
APHA/USD,APHA,USD,spot,4.357,0.0018395033340997931
ARKK/USD,ARKK,USD,spot,50.05,0.0
ASD/USD,ASD,USD,spot,0.18148,0.0007719878687620623
ATLAS/USD,ATLAS,USD,spot,0.0167825,0.008760725502276587
ATOM/USD,ATOM,USD,spot,17.99,0.010810051944405447
ATOM/USDT,ATOM,USDT,spot,17.9775,0.012784490025288002
AUDIO/USD,AUDIO,USD,spot,0.84915,0.018812533700796837
AUDIO/USDT,AUDIO,USDT,spot,0.84835,0.019832234871180347
AURY/USD,AURY,USD,spot,7.261,-0.0006881128505074832
AVAX/BTC,AVAX,BTC,spot,0.0015682,0.009592480525333161
AVAX/USD,AVAX,USD,spot,60.7035,0.015216373486723295
AVAX/USDT,AVAX,USDT,spot,60.678,0.015180392550239074
AXS/USD,AXS,USD,spot,30.401,0.01667223521550284
BABA/USD,BABA,USD,spot,101.95,0.0044204322200392925
BADGER/USD,BADGER,USD,spot,7.78,0.014304291287386216
BAL/USD,BAL,USD,spot,12.745,0.011300555114988104
BAL/USDT,BAL,USDT,spot,12.74,0.011892963330029732
BAND/USD,BAND,USD,spot,3.073,0.018867924528301886
BAO/USD,BAO,USD,spot,0.000133,0.0
BAR/USD,BAR,USD,spot,5.14,0.018821198613174838
BAT/JPY,BAT,JPY,spot,77.0525,0.017902897312922935
BAT/USD,BAT,USD,spot,0.591825,0.018726109178370486
BB/USD,BB,USD,spot,5.805,0.0021579628830384117
BCH/BTC,BCH,BTC,spot,0.007396,0.003797125033902902
BCH/JPY,BCH,JPY,spot,37268.46,0.011275358567147849
BCH/USD,BCH,USD,spot,286.425,0.010405643738977073
BCH/USDT,BCH,USDT,spot,286.425,0.010495678250132298
BICO/USD,BICO,USD,spot,1.0486,0.020336674126690667
BILI/USD,BILI,USD,spot,24.435,0.0014344262295081967
BIT/USD,BIT,USD,spot,1.21375,0.0091324200913242
BITO/USD,BITO,USD,spot,24.08,0.008375209380234505
BITW/USD,BITW,USD,spot,26.82,0.009789156626506024
BLT/USD,BLT,USD,spot,0.2755,0.0
BNB/BTC,BNB,BTC,spot,0.0100677,0.0008448884250285771
BNB/USD,BNB,USD,spot,390.033,0.008323833306190399
BNB/USDT,BNB,USDT,spot,390.012,0.008451446825667586
BNT/USD,BNT,USD,spot,2.0055,0.014155712841253791
BNTX/USD,BNTX,USD,spot,145.88,0.003370245546461242
BOBA/USD,BOBA,USD,spot,0.9095,0.010537992235163616
BRZ/USD,BRZ,USD,spot,0.19534,0.0013287678233760924
BRZ/USDT,BRZ,USDT,spot,0.19531,0.0004081840910250523
BTC/BRZ,BTC,BRZ,spot,197635.0,0.005111122412653207
BTC/EUR,BTC,EUR,spot,36808.0,0.006173345352235789
BTC/JPY,BTC,JPY,spot,5043508.11,0.005166918355926161
BTC/TRYB,BTC,TRYB,spot,588460.4,0.004960268740195076
BTC/USD,BTC,USD,spot,38721.0,0.006027539620680696
BTC/USDT,BTC,USDT,spot,38714.0,0.005662631825029872
BTT/USD,BTT,USD,spot,1.7e-06,0.005847953216374269
BYND/USD,BYND,USD,spot,37.98,-0.004456094364351245
C98/USD,C98,USD,spot,1.1581,0.018333333333333333
CAD/USD,CAD,USD,spot,0.7769,0.0001287001287001287
CEL/BTC,CEL,BTC,spot,5.432e-05,-0.008001454809965449
CEL/USD,CEL,USD,spot,2.1115,0.002128162686214235
CGC/USD,CGC,USD,spot,5.9975,0.007559848803023939
CHR/USD,CHR,USD,spot,0.34515,0.02349290780141844
CHZ/USD,CHZ,USD,spot,0.179385,0.015780453730465327
CHZ/USDT,CHZ,USDT,spot,0.179253,0.018207663642438865
CITY/USD,CITY,USD,spot,12.0325,0.024846039498832025
CLV/USD,CLV,USD,spot,0.267,0.013257575757575758
COIN/USD,COIN,USD,spot,121.68,0.004568465242622546
COMP/USD,COMP,USD,spot,105.03,0.01889351806995446
COMP/USDT,COMP,USDT,spot,105.02,0.019476744186046512
CONV/USD,CONV,USD,spot,0.00241,0.016877637130801686
COPE/USD,COPE,USD,spot,0.3205,0.0015625
CQT/USD,CQT,USD,spot,0.2382,0.006753904601097509
CREAM/USD,CREAM,USD,spot,37.3,0.017639077340569877
CREAM/USDT,CREAM,USDT,spot,37.25,0.014925373134328358
CRO/USD,CRO,USD,spot,0.27495,0.01186861716809274
CRON/USD,CRON,USD,spot,3.112,0.008098477486232589
CRV/USD,CRV,USD,spot,2.12385,0.02866265147667078
CTX/USD,CTX,USD,spot,2.217,0.02960222016651249
CTX/USDT,CTX,USDT,spot,2.2064,0.023063680127018708
CUSDT/USD,CUSDT,USD,spot,0.0218175,0.0
CUSDT/USDT,CUSDT,USDT,spot,0.02179,0.0
CVC/USD,CVC,USD,spot,0.26475,0.026534960294402478
CVX/USD,CVX,USD,spot,22.5375,0.015431403469249831
DAI/USD,DAI,USD,spot,0.9999,0.0
DAI/USDT,DAI,USDT,spot,0.9997,-0.00010001000100010001
DAWN/USD,DAWN,USD,spot,1.6,0.013299556681443952
DENT/USD,DENT,USD,spot,0.002088,0.019961051606621226
DFL/USD,DFL,USD,spot,0.01477,0.0010145417653026716
DKNG/USD,DKNG,USD,spot,14.945,0.004030903594222372
DMG/USD,DMG,USD,spot,0.025,0.0
DMG/USDT,DMG,USDT,spot,0.025,0.0
DODO/USD,DODO,USD,spot,0.296,0.03496503496503497
DOGE/BTC,DOGE,BTC,spot,3.4e-06,0.0029411764705882353
DOGE/USD,DOGE,USD,spot,0.13173,0.009093937502632456
DOGE/USDT,DOGE,USDT,spot,0.1317335,0.009465679254386301
DOT/BTC,DOT,BTC,spot,0.00039067,0.011458872219348163
DOT/JPY,DOT,JPY,spot,1965.4,0.010696287154170524
DOT/USD,DOT,USD,spot,15.125,0.016187533584094572
DOT/USDT,DOT,USDT,spot,15.131,0.017537965327240963
DYDX/USD,DYDX,USD,spot,3.472,0.02176470588235294
EDEN/USD,EDEN,USD,spot,0.2395,0.01694915254237288
EMB/USD,EMB,USD,spot,0.04054,-0.00024172105390379503
ENJ/USD,ENJ,USD,spot,1.06885,0.024652943992340835
ENS/USD,ENS,USD,spot,26.03,-0.004396024464831804
ETH/BRZ,ETH,BRZ,spot,14646.0,0.009300723389596968
ETH/BTC,ETH,BTC,spot,0.0742,0.004466702761234434
ETH/EUR,ETH,EUR,spot,2732.2,0.010196542042263928
ETH/JPY,ETH,JPY,spot,374045.29,0.00981930364705268
ETH/USD,ETH,USD,spot,2871.9,0.009916309163794922
ETH/USDT,ETH,USDT,spot,2871.7,0.00963296301504711
ETHE/USD,ETHE,USD,spot,20.338,0.008979510839906732
EUR/USD,EUR,USD,spot,1.051,0.0005711565920990004
EURT/EUR,EURT,EUR,spot,0.9997,0.0
EURT/USD,EURT,USD,spot,1.0511,0.001141769743101808
EURT/USDT,EURT,USDT,spot,1.0511,0.0011429659967615963
FB/USD,FB,USD,spot,211.36,-4.7198753952895644e-05
FIDA/USD,FIDA,USD,spot,1.09409,-5.482556333266324e-05
FIDA/USDT,FIDA,USDT,spot,1.09119,-1.8275020787836147e-05
FRONT/USD,FRONT,USD,spot,0.40465,0.01272931486334706
FRONT/USDT,FRONT,USDT,spot,0.40465,0.00973175296319401
FTM/USD,FTM,USD,spot,0.77345,0.028784152097321013
FTT/BTC,FTT,BTC,spot,0.0010288,0.0013618677042801556
FTT/JPY,FTT,JPY,spot,5182.2,0.007306676307825083
FTT/USD,FTT,USD,spot,39.836,0.006391632771644393
FTT/USDT,FTT,USDT,spot,39.818,0.006618668687634205
FXS/USD,FXS,USD,spot,22.4025,0.0017887087758524315
GAL/USD,GAL,USD,spot,2.658,-0.0014798372179060304
GALA/USD,GALA,USD,spot,0.13705,0.015179563124768604
GARI/USD,GARI,USD,spot,0.6332,0.009229055613016152
GBP/USD,GBP,USD,spot,1.249,0.00040048057669203043
GBTC/USD,GBTC,USD,spot,26.33,0.0070651136146648846
GDX/USD,GDX,USD,spot,34.515,0.0004347826086956522
GDXJ/USD,GDXJ,USD,spot,42.12,0.0
GENE/USD,GENE,USD,spot,13.946,0.0081665100816651
GLD/USD,GLD,USD,spot,173.875,0.0
GLXY/USD,GLXY,USD,spot,11.094,-0.008667679385220266
GME/USD,GME,USD,spot,119.0,0.004219409282700422
GMT/USD,GMT,USD,spot,3.25555,0.01330763012250482
GODS/USD,GODS,USD,spot,0.7445,0.026785714285714284
GOG/USD,GOG,USD,spot,0.31325,0.010475423045930701
GOOGL/USD,GOOGL,USD,spot,2327.8,0.0021941146102219928
GRT/USD,GRT,USD,spot,0.30785,0.015650741350906095
GST/USD,GST,USD,spot,6.196,0.03309712380158399
GST/USDT,GST,USDT,spot,6.1845,0.03166666666666667
GT/USD,GT,USD,spot,6.244,0.0010391686650679456
HGET/USD,HGET,USD,spot,1.35,0.007434944237918215
HGET/USDT,HGET,USDT,spot,1.335,0.007462686567164179
HMT/USD,HMT,USD,spot,0.3168,0.0
HNT/USD,HNT,USD,spot,14.208,0.011653650931508995
HNT/USDT,HNT,USDT,spot,14.2134,0.010211612427085254
HOLY/USD,HOLY,USD,spot,12.5137,0.01787162271739483
HOOD/USD,HOOD,USD,spot,10.515,0.0009519276534983341
HT/USD,HT,USD,spot,9.4915,0.0013704406493780308
HUM/USD,HUM,USD,spot,0.292575,0.022274633123689727
HXRO/USD,HXRO,USD,spot,0.3117,0.007893041237113402
HXRO/USDT,HXRO,USDT,spot,0.31055,-0.00015992323684631377
IMX/USD,IMX,USD,spot,1.5395,0.018830525272547076
INDI/USD,INDI,USD,spot,0.2552,0.0
INTER/USD,INTER,USD,spot,5.295,-0.017982944011865034
JET/USD,JET,USD,spot,0.27575,0.0
JOE/USD,JOE,USD,spot,0.90775,0.01594851706771125
JST/USD,JST,USD,spot,0.06081,0.014176117411607738
KBTT/USD,KBTT,USD,spot,0.00170975,0.006771676726041513
KIN/USD,KIN,USD,spot,2.64e-05,0.00994263862332696
KNC/USD,KNC,USD,spot,4.0851,0.020229265003371546
KNC/USDT,KNC,USDT,spot,4.08,0.022344972381214228
KSHIB/USD,KSHIB,USD,spot,0.020684,0.01018965433182195
KSOS/USD,KSOS,USD,spot,0.0006945,0.016093635698610095
LEO/USD,LEO,USD,spot,5.7523,0.0010608695652173912
LINA/USD,LINA,USD,spot,0.01792,0.019908987485779295
LINK/BTC,LINK,BTC,spot,0.000292,0.011068834313386372
LINK/USD,LINK,USD,spot,11.3005,0.01644130991419972
LINK/USDT,LINK,USDT,spot,11.3005,0.016354405355618457
LOOKS/USD,LOOKS,USD,spot,1.7675,0.020199105468186408
LRC/USD,LRC,USD,spot,0.7386,0.020765781303897897
LTC/BTC,LTC,BTC,spot,0.00261875,0.004406130268199234
LTC/JPY,LTC,JPY,spot,13193.9,0.011224415498813945
LTC/USD,LTC,USD,spot,101.425,0.009203522212825232
LTC/USDT,LTC,USDT,spot,101.46,0.00935090773439443
LUA/USD,LUA,USD,spot,0.024,-0.02040816326530612
LUA/USDT,LUA,USDT,spot,0.024,0.0
LUNA/USD,LUNA,USD,spot,84.43,0.00992822966507177
LUNA/USDT,LUNA,USDT,spot,84.39,0.010169897104570471
MANA/USD,MANA,USD,spot,1.5073,0.010657550774180576
MAPS/USD,MAPS,USD,spot,0.6255,0.018733850129198967
MAPS/USDT,MAPS,USDT,spot,0.6245,0.015151515151515152
MATH/USD,MATH,USD,spot,0.2056,-0.0009689922480620155
MATH/USDT,MATH,USDT,spot,0.2057,0.0019445794846864365
MATIC/BTC,MATIC,BTC,spot,2.795e-05,0.007562117392870004
MATIC/USD,MATIC,USD,spot,1.082113,0.012026141590305016
MBS/USD,MBS,USD,spot,0.148,0.0
MCB/USD,MCB,USD,spot,3.995,0.0037546933667083854
MEDIA/USD,MEDIA,USD,spot,33.0,0.0
MER/USD,MER,USD,spot,0.1137,-0.0008787346221441124
MKR/USD,MKR,USD,spot,1486.5,0.020926243567753
MKR/USDT,MKR,USDT,spot,1483.5,0.022329096530401923
MNGO/USD,MNGO,USD,spot,0.112775,0.006919642857142857
MOB/USD,MOB,USD,spot,3.6665,0.015791660894860785
MOB/USDT,MOB,USDT,spot,3.6555,0.018718801996672214
MRNA/USD,MRNA,USD,spot,141.65,0.0030093821915383252
MSOL/USD,MSOL,USD,spot,91.575,0.01183920704845815
MSTR/USD,MSTR,USD,spot,363.75,0.014644351464435146
MTA/USD,MTA,USD,spot,0.3305,0.021439509954058193
MTA/USDT,MTA,USDT,spot,0.3295,0.009188361408882083
MTL/USD,MTL,USD,spot,2.048,0.026217228464419477
NEAR/USD,NEAR,USD,spot,11.869,0.02938117524700988
NEAR/USDT,NEAR,USDT,spot,11.868,0.02904708228561519
NEXO/USD,NEXO,USD,spot,2.20975,0.008544087491455913
NFLX/USD,NFLX,USD,spot,199.35,-0.00045002250112505623
NIO/USD,NIO,USD,spot,17.4,0.0
NOK/USD,NOK,USD,spot,4.983,0.0
NVDA/USD,NVDA,USD,spot,195.65,0.0015357051446122344
OKB/USD,OKB,USD,spot,19.054,0.011165035669769539
OMG/USD,OMG,USD,spot,3.8695,0.028833377624235983
ORBS/USD,ORBS,USD,spot,0.0679,0.0029542097488921715
OXY/USD,OXY,USD,spot,0.1906,0.0010460251046025104
OXY/USDT,OXY,USDT,spot,0.1904,0.006269592476489028
PAXG/USD,PAXG,USD,spot,1868.8,0.0006961178045515395
PAXG/USDT,PAXG,USDT,spot,1867.6,0.000749665327978581
PENN/USD,PENN,USD,spot,37.64,-0.0007926023778071334
PEOPLE/USD,PEOPLE,USD,spot,0.03731,0.022428884026258207
PERP/USD,PERP,USD,spot,3.214,0.008466603951081843
PFE/USD,PFE,USD,spot,48.32,0.001450777202072539
POLIS/USD,POLIS,USD,spot,1.17205,0.005866483963516465
PORT/USD,PORT,USD,spot,0.4455,0.006779661016949152
PRISM/USD,PRISM,USD,spot,0.0116,0.0
PROM/USD,PROM,USD,spot,8.24,0.00425531914893617
PSG/USD,PSG,USD,spot,9.5375,0.026358257127487898
PSY/USD,PSY,USD,spot,0.0724,0.0027624309392265192
PTU/USD,PTU,USD,spot,0.93425,-0.0026680896478121665
PUNDIX/USD,PUNDIX,USD,spot,0.7815,0.009664948453608248
PYPL/USD,PYPL,USD,spot,91.275,0.0008223684210526315
QI/USD,QI,USD,spot,0.03122,0.012940795858945324
RAMP/USD,RAMP,USD,spot,0.0718,0.015558698727015558
RAY/USD,RAY,USD,spot,2.1853,0.013209121245828698
REAL/USD,REAL,USD,spot,3.6575,0.032462949894142556
REEF/USD,REEF,USD,spot,0.007325,0.01731301939058172
REN/USD,REN,USD,spot,0.2751,0.010628550485614806
RNDR/USD,RNDR,USD,spot,1.6625,0.04450015669069257
ROOK/USD,ROOK,USD,spot,99.15,0.10949720670391061
ROOK/USDT,ROOK,USDT,spot,98.55,0.1122334455667789
RSR/USD,RSR,USD,spot,0.008825,0.022595596755504054
RUNE/USD,RUNE,USD,spot,6.3515,0.022771161892500804
RUNE/USDT,RUNE,USDT,spot,6.35,0.024068260484585043
SAND/USD,SAND,USD,spot,2.11345,0.010615660490137478
SECO/USD,SECO,USD,spot,8.2894,0.012320103337760934
SHIB/USD,SHIB,USD,spot,2.07e-05,0.00975609756097561
SKL/USD,SKL,USD,spot,0.1468,0.030747728860936407
SLND/USD,SLND,USD,spot,1.895,0.0
SLP/USD,SLP,USD,spot,0.012625,0.012024048096192385
SLRS/USD,SLRS,USD,spot,0.11633,0.004788780571233111
SLV/USD,SLV,USD,spot,20.875,0.0
SNX/USD,SNX,USD,spot,4.7655,0.0377379010331702
SNY/USD,SNY,USD,spot,0.4427,0.0
SOL/BTC,SOL,BTC,spot,0.00227275,0.004308440123729562
SOL/JPY,SOL,JPY,spot,11447.95,0.008166288279751514
SOL/USD,SOL,USD,spot,87.9975,0.010534473850393248
SOL/USDT,SOL,USDT,spot,87.9425,0.010216380646272168
SOS/USD,SOS,USD,spot,6.8e-07,0.029411764705882353
SPA/USD,SPA,USD,spot,0.16385,0.2010948905109489
SPELL/USD,SPELL,USD,spot,0.0031225,0.018744906275468622
SPY/USD,SPY,USD,spot,414.03,-0.0005783829377033377
SQ/USD,SQ,USD,spot,105.575,-0.00023674242424242425
SRM/USD,SRM,USD,spot,1.878,0.02622950819672131
SRM/USDT,SRM,USDT,spot,1.878,0.02733734281027884
STARS/USD,STARS,USD,spot,0.26145,-0.00019076688286913393
STEP/USD,STEP,USD,spot,0.086,0.0
STETH/USD,STETH,USD,spot,2868.5,0.01143560872624912
STG/USD,STG,USD,spot,0.9295,0.0035002692514808833
STMX/USD,STMX,USD,spot,0.01409,0.019891500904159132
STORJ/USD,STORJ,USD,spot,0.8875,0.018327605956471937
STSOL/USD,STSOL,USD,spot,91.0,0.01136678680343776
SUN/USD,SUN,USD,spot,0.0118735,0.019453589294112617
SUSHI/BTC,SUSHI,BTC,spot,6.154e-05,0.015301085883514315
SUSHI/USD,SUSHI,USD,spot,2.3846,0.018318459370596524
SUSHI/USDT,SUSHI,USDT,spot,2.3837,0.019471369400913787
SXP/BTC,SXP,BTC,spot,2.619e-05,0.0003803727653100038
SXP/USD,SXP,USD,spot,1.0145,0.0049504950495049506
SXP/USDT,SXP,USDT,spot,1.014,0.004446640316205534
TLM/USD,TLM,USD,spot,0.0754,0.012080536912751677
TLRY/USD,TLRY,USD,spot,5.176,-0.00019238168526356292
TOMO/USD,TOMO,USD,spot,1.184,0.01700505439904052
TOMO/USDT,TOMO,USDT,spot,1.1827,0.014627032127997255
TONCOIN/USD,TONCOIN,USD,spot,1.869,0.005918751681463546
TRU/USD,TRU,USD,spot,0.172425,0.01617409204528746
TRU/USDT,TRU,USDT,spot,0.172275,0.015173836181496758
TRX/BTC,TRX,BTC,spot,1.74e-06,0.005780346820809248
TRX/USD,TRX,USD,spot,0.067695,0.016517756588332457
TRX/USDT,TRX,USDT,spot,0.0676875,0.016209523094818205
TRYB/USD,TRYB,USD,spot,0.06569,0.0028998778998779
TSLA/BTC,TSLA,BTC,spot,0.023425,-0.0031914893617021275
TSLA/DOGE,TSLA,DOGE,spot,6881.0,-0.00028914269191846175
TSLA/USD,TSLA,USD,spot,908.05,0.0069190745045942656
TSM/USD,TSM,USD,spot,93.4,0.0
TULIP/USD,TULIP,USD,spot,8.8825,0.005087620124364048
TWTR/USD,TWTR,USD,spot,49.03,0.0
UBER/USD,UBER,USD,spot,30.35,0.002808524698496613
UBXT/USD,UBXT,USD,spot,0.011525,-0.00774526678141136
UBXT/USDT,UBXT,USDT,spot,0.01149,-0.00043346337234503684
UMEE/USD,UMEE,USD,spot,0.06093,0.014463840399002495
UNI/BTC,UNI,BTC,spot,0.0001798,0.017207334273624825
UNI/USD,UNI,USD,spot,6.976,0.02480916030534351
UNI/USDT,UNI,USDT,spot,6.976,0.026149551931834877
USDT/USD,USDT,USD,spot,1.0,0.0
USO/USD,USO,USD,spot,77.915,0.0
UST/USD,UST,USD,spot,0.9998,0.0
UST/USDT,UST,USDT,spot,0.9998,0.0
VGX/USD,VGX,USD,spot,1.11075,0.00404767258826175
WAVES/USD,WAVES,USD,spot,12.443,0.020023750051185455
WBTC/BTC,WBTC,BTC,spot,1.0006,-9.9930048965724e-05
WBTC/USD,WBTC,USD,spot,38717.0,0.006755527840569543
WFLOW/USD,WFLOW,USD,spot,4.654,0.01849217638691323
WNDR/USD,WNDR,USD,spot,0.8115,0.0
WRX/USD,WRX,USD,spot,0.51621,0.01839329719073435
WRX/USDT,WRX,USDT,spot,0.51631,0.01600566293725544
XAUT/USD,XAUT,USD,spot,1872.5,0.0
XAUT/USDT,XAUT,USDT,spot,1867.3,0.0
XRP/BTC,XRP,BTC,spot,1.595e-05,0.005037783375314861
XRP/JPY,XRP,JPY,spot,80.45,0.012823736484787528
XRP/USD,XRP,USD,spot,0.6176,0.010429874432492126
XRP/USDT,XRP,USDT,spot,0.617775,0.010881570873389241
YFI/BTC,YFI,BTC,spot,0.44775,0.003923766816143498
YFI/USD,YFI,USD,spot,17345.0,0.011357018054746652
YFI/USDT,YFI,USDT,spot,17330.0,0.009612583745994756
YFII/USD,YFII,USD,spot,1486.5,0.013637913399249914
YGG/USD,YGG,USD,spot,1.40225,0.018498367791077257
ZM/USD,ZM,USD,spot,104.26,-0.0007667241709794901
ZRX/USD,ZRX,USD,spot,0.723,0.030561478322672354
ADABEAR/USD,ADABEAR,USD,spot,1e-08,0.0
ADABULL/USD,ADABULL,USD,spot,8.5225,0.04709480122324159
ADAHALF/USD,ADAHALF,USD,spot,36675.0,0.006708652792990142
ADAHEDGE/USD,ADAHEDGE,USD,spot,8.074,-0.01253193819199416
ALGOBEAR/USD,ALGOBEAR,USD,spot,,0.0
ALGOBULL/USD,ALGOBULL,USD,spot,5e-08,0.0
ALGOHALF/USD,ALGOHALF,USD,spot,13226.5,0.01609433817315818
ALGOHEDGE/USD,ALGOHEDGE,USD,spot,50.0,-0.047619047619047616
ALTBEAR/USD,ALTBEAR,USD,spot,2.134e-05,-0.026624548736462094
ALTBULL/USD,ALTBULL,USD,spot,2.399,0.04079430174832722
ALTHALF/USD,ALTHALF,USD,spot,18685.0,0.005792437650844731
ALTHEDGE/USD,ALTHEDGE,USD,spot,109.14,-0.00679470918644682
ASDBEAR/USD,ASDBEAR,USD,spot,3.14e-06,-0.024844720496894408
ASDBEAR/USDT,ASDBEAR,USDT,spot,3.14e-06,0.0
ASDBULL/USD,ASDBULL,USD,spot,0.02635,0.0
ASDBULL/USDT,ASDBULL,USDT,spot,0.02649,0.0
ASDHALF/USD,ASDHALF,USD,spot,14112.0,0.000808805429546014
ASDHEDGE/USD,ASDHEDGE,USD,spot,68.865,0.0
ATOMBEAR/USD,ATOMBEAR,USD,spot,,0.0
ATOMBULL/USD,ATOMBULL,USD,spot,0.0003998,0.04740932642487047
ATOMHALF/USD,ATOMHALF,USD,spot,20944.0,0.005599157733537519
ATOMHEDGE/USD,ATOMHEDGE,USD,spot,16.37,-0.004984894259818731
BALBEAR/USD,BALBEAR,USD,spot,1.88e-06,-0.03015075376884422
BALBEAR/USDT,BALBEAR,USDT,spot,1.87e-06,-0.035
BALBULL/USD,BALBULL,USD,spot,0.002312,0.028731907539425363
BALBULL/USDT,BALBULL,USDT,spot,0.002308,0.010729143858112546
BALHALF/USD,BALHALF,USD,spot,10008.5,0.006214885894694973
BALHEDGE/USD,BALHEDGE,USD,spot,70.58,-0.018944519621109608
BCHBEAR/USD,BCHBEAR,USD,spot,0.00016275,-0.010074074074074074
BCHBEAR/USDT,BCHBEAR,USDT,spot,0.00016335,-0.032090199479618386
BCHBULL/USD,BCHBULL,USD,spot,0.0004444,0.027217056021773645
BCHBULL/USDT,BCHBULL,USDT,spot,0.0004436,0.020639600816511682
BCHHALF/USD,BCHHALF,USD,spot,7817.5,0.00553090230883015
BCHHEDGE/USD,BCHHEDGE,USD,spot,324.25,-0.010376926598504501
BEAR/USD,BEAR,USD,spot,0.000104,-0.016633588507702485
BEAR/USDT,BEAR,USDT,spot,0.00010385,-0.0174077578051088
BEARSHIT/USD,BEARSHIT,USD,spot,6.26e-06,-0.043674698795180725
BNBBEAR/USD,BNBBEAR,USD,spot,,0.0
BNBBEAR/USDT,BNBBEAR,USDT,spot,1e-08,0.0
BNBBULL/USD,BNBBULL,USD,spot,124.2,0.02687060768912774
BNBBULL/USDT,BNBBULL,USDT,spot,124.05,0.024783147459727387
BNBHALF/USD,BNBHALF,USD,spot,42850.0,0.004148892654706948
BNBHEDGE/USD,BNBHEDGE,USD,spot,7.258,-0.008198961464881116
BSVBEAR/USD,BSVBEAR,USD,spot,1.078e-05,-0.027953110910730387
BSVBEAR/USDT,BSVBEAR,USDT,spot,1.078e-05,-0.018050541516245487
BSVBULL/USD,BSVBULL,USD,spot,1.18e-06,0.02608695652173913
BSVBULL/USDT,BSVBULL,USDT,spot,1.18e-06,0.02608695652173913
BSVHALF/USD,BSVHALF,USD,spot,4456.25,0.004670793472144063
BSVHEDGE/USD,BSVHEDGE,USD,spot,274.25,-0.008943897371036227
BULL/USD,BULL,USD,spot,1666.5,0.016148689823278488
BULL/USDT,BULL,USDT,spot,1667.0,0.015525114155251141
BULLSHIT/USD,BULLSHIT,USD,spot,1.722,0.06436851738865161
BVOL/BTC,BVOL,BTC,spot,0.01045,-0.009174311926605505
BVOL/USD,BVOL,USD,spot,409.0,-0.0013429373702844585
BVOL/USDT,BVOL,USDT,spot,408.25,0.0
COMPBEAR/USD,COMPBEAR,USD,spot,3.41e-06,-0.050666666666666665
COMPBEAR/USDT,COMPBEAR,USDT,spot,3.41e-06,-0.013888888888888888
COMPBULL/USD,COMPBULL,USD,spot,0.003502,0.055455093429776975
COMPBULL/USDT,COMPBULL,USDT,spot,0.0035,0.052948255114320095
COMPHALF/USD,COMPHALF,USD,spot,9386.0,0.008470033236839284
COMPHEDGE/USD,COMPHEDGE,USD,spot,103.08,-0.017162471395881007
CUSDTBEAR/USD,CUSDTBEAR,USD,spot,12170.0,0.0
CUSDTBEAR/USDT,CUSDTBEAR,USDT,spot,12160.0,0.0
CUSDTBULL/USD,CUSDTBULL,USD,spot,4291.0,0.00046630916297505244
CUSDTBULL/USDT,CUSDTBULL,USDT,spot,4290.0,0.00023315458148752622
CUSDTHALF/USD,CUSDTHALF,USD,spot,5101.75,0.0
CUSDTHEDGE/USD,CUSDTHEDGE,USD,spot,6018.0,0.0
DEFIBEAR/USD,DEFIBEAR,USD,spot,0.00064075,-0.050716648291069456
DEFIBEAR/USDT,DEFIBEAR,USDT,spot,0.00064075,-0.04827330115113257
DEFIBULL/USD,DEFIBULL,USD,spot,0.77425,0.05466893039049236
DEFIBULL/USDT,DEFIBULL,USDT,spot,0.77175,0.05755395683453238
DEFIHALF/USD,DEFIHALF,USD,spot,12347.0,0.005619807786284411
DEFIHEDGE/USD,DEFIHEDGE,USD,spot,180.375,-0.01743156747923192
DOGEBEAR2021/USD,DOGEBEAR2021,USD,spot,1.7115,-0.029211571185479297
DOGEBULL/USD,DOGEBULL,USD,spot,1.173,0.027972027972027972
DOGEHALF/USD,DOGEHALF,USD,spot,105965.0,0.004345156567326312
DOGEHEDGE/USD,DOGEHEDGE,USD,spot,0.58025,-0.008151481701621804
DRGNBEAR/USD,DRGNBEAR,USD,spot,3.91e-06,-0.03414634146341464
DRGNBULL/USD,DRGNBULL,USD,spot,0.2606,0.043652382859431314
DRGNHALF/USD,DRGNHALF,USD,spot,18546.0,0.008622092077436147
DRGNHEDGE/USD,DRGNHEDGE,USD,spot,51.515,-0.016607807578505298
EOSBEAR/USD,EOSBEAR,USD,spot,9.01e-06,-0.04911180773249739
EOSBEAR/USDT,EOSBEAR,USDT,spot,9e-06,-0.04311251314405889
EOSBULL/USD,EOSBULL,USD,spot,8.17e-06,0.06088082901554404
EOSBULL/USDT,EOSBULL,USDT,spot,8.17e-06,0.05555555555555555
EOSHALF/USD,EOSHALF,USD,spot,6633.0,0.009490547414774885
EOSHEDGE/USD,EOSHEDGE,USD,spot,184.4,-0.018235059230666845
ETCBEAR/USD,ETCBEAR,USD,spot,4e-08,0.0
ETCBULL/USD,ETCBULL,USD,spot,0.0872,0.07755474452554745
ETCHALF/USD,ETCHALF,USD,spot,20778.0,0.00976818778247558
ETCHEDGE/USD,ETCHEDGE,USD,spot,18.6775,-0.018153323756040226
ETHBEAR/USD,ETHBEAR,USD,spot,7e-08,0.2
ETHBEAR/USDT,ETHBEAR,USDT,spot,7e-08,0.25
ETHBULL/USD,ETHBULL,USD,spot,197.45,0.027561102444097763
ETHBULL/USDT,ETHBULL,USDT,spot,197.5,0.028861154446177848
ETHHALF/USD,ETHHALF,USD,spot,27447.0,0.0031431599722232377
ETHHEDGE/USD,ETHHEDGE,USD,spot,14.649,-0.010038401940308563
EXCHBEAR/USD,EXCHBEAR,USD,spot,0.00012945,-0.019746646795827123
EXCHBULL/USD,EXCHBULL,USD,spot,3075.0,0.013513513513513514
EXCHHALF/USD,EXCHHALF,USD,spot,21671.0,0.00032311669128508124
EXCHHEDGE/USD,EXCHHEDGE,USD,spot,75.24,-0.006994852844133562
GRTBEAR/USD,GRTBEAR,USD,spot,5.64e-05,-0.039
GRTBULL/USD,GRTBULL,USD,spot,0.00081575,0.08029908972691807
HALF/USD,HALF,USD,spot,15446.0,0.0030422681079681534
HALFSHIT/USD,HALFSHIT,USD,spot,21109.0,0.004807692307692308
HEDGE/USD,HEDGE,USD,spot,85.88,-0.00796950796950797
HEDGESHIT/USD,HEDGESHIT,USD,spot,52.7,-0.016699318966321486
HTBEAR/USD,HTBEAR,USD,spot,0.00087375,-0.004828326180257511
HTBULL/USD,HTBULL,USD,spot,1.15,0.0
HTHALF/USD,HTHALF,USD,spot,10713.0,0.0
HTHEDGE/USD,HTHEDGE,USD,spot,182.275,0.0
IBVOL/BTC,IBVOL,BTC,spot,0.07415,0.0
IBVOL/USD,IBVOL,USD,spot,2854.5,0.002962962962962963
IBVOL/USDT,IBVOL,USDT,spot,2864.25,0.0001743071291615827
KNCBEAR/USD,KNCBEAR,USD,spot,2.7e-07,0.0
KNCBEAR/USDT,KNCBEAR,USDT,spot,2.7e-07,-0.03571428571428571
KNCBULL/USD,KNCBULL,USD,spot,0.15995,0.0617120106171201
KNCBULL/USDT,KNCBULL,USDT,spot,0.1599,0.041666666666666664
KNCHALF/USD,KNCHALF,USD,spot,13864.0,0.009603142846749846
KNCHEDGE/USD,KNCHEDGE,USD,spot,47.58,-0.01208927464352139
LEOBEAR/USD,LEOBEAR,USD,spot,0.1642,0.0
LEOBULL/USD,LEOBULL,USD,spot,1471.5,0.0
LEOHALF/USD,LEOHALF,USD,spot,15547.0,0.0
LEOHEDGE/USD,LEOHEDGE,USD,spot,462.35,-0.0033417721518987343
LINKBEAR/USD,LINKBEAR,USD,spot,1e-08,0.0
LINKBEAR/USDT,LINKBEAR,USDT,spot,1e-08,0.0
LINKBULL/USD,LINKBULL,USD,spot,0.006745,0.059190031152647975
LINKBULL/USDT,LINKBULL,USDT,spot,0.006725,0.041424699961285325
LINKHALF/USD,LINKHALF,USD,spot,14132.5,0.007929734727259797
LINKHEDGE/USD,LINKHEDGE,USD,spot,15.07,-0.015158415197449744
LTCBEAR/USD,LTCBEAR,USD,spot,0.0003885,-0.027188825143427287
LTCBEAR/USDT,LTCBEAR,USDT,spot,0.0003883,-0.032082922013820334
LTCBULL/USD,LTCBULL,USD,spot,0.002525,0.03145424836601307
LTCBULL/USDT,LTCBULL,USDT,spot,0.002516,0.027777777777777776
LTCHALF/USD,LTCHALF,USD,spot,10525.5,0.004858531008859674
LTCHEDGE/USD,LTCHEDGE,USD,spot,402.0,-0.009730262347579751
MATICBEAR2021/USD,MATICBEAR2021,USD,spot,0.00058,-0.04164948453608248
MATICBULL/USD,MATICBULL,USD,spot,0.0099475,0.04118873826903024
MATICHALF/USD,MATICHALF,USD,spot,73270.0,0.006840881105486387
MATICHEDGE/USD,MATICHEDGE,USD,spot,0.18275,-0.012327482245745678
MIDBEAR/USD,MIDBEAR,USD,spot,0.00013785,-0.025542337298810357
MIDBULL/USD,MIDBULL,USD,spot,9.1425,0.0398066533977822
MIDHALF/USD,MIDHALF,USD,spot,15682.0,0.006337216745615158
MIDHEDGE/USD,MIDHEDGE,USD,spot,102.74,-0.009607070804111826
MKRBEAR/USD,MKRBEAR,USD,spot,0.00010765,-0.05497272345782627
MKRBULL/USD,MKRBULL,USD,spot,2.321,0.06005937428636675
OKBBEAR/USD,OKBBEAR,USD,spot,5e-08,0.0
OKBBULL/USD,OKBBULL,USD,spot,5.495,0.02787130564908343
OKBHALF/USD,OKBHALF,USD,spot,19936.0,0.00432008841111167
OKBHEDGE/USD,OKBHEDGE,USD,spot,13.399,-0.01190824079485681
PAXGBEAR/USD,PAXGBEAR,USD,spot,8080.0,-0.0015446400988569664
PAXGBULL/USD,PAXGBULL,USD,spot,4318.0,0.0
PAXGHALF/USD,PAXGHALF,USD,spot,5396.5,0.0005529699092207733
PAXGHEDGE/USD,PAXGHEDGE,USD,spot,5346.5,-0.000934317481080071
PRIVBEAR/USD,PRIVBEAR,USD,spot,0.0099725,-0.06074876383329409
PRIVBULL/USD,PRIVBULL,USD,spot,1.581,0.049800796812749
PRIVHALF/USD,PRIVHALF,USD,spot,12359.0,0.008493172951885565
PRIVHEDGE/USD,PRIVHEDGE,USD,spot,294.7,-0.018402864518277957
SUSHIBEAR/USD,SUSHIBEAR,USD,spot,1e-08,0.0
SUSHIBULL/USD,SUSHIBULL,USD,spot,1e-07,0.0
SXPBEAR/USD,SXPBEAR,USD,spot,1e-08,0.0
SXPBULL/USD,SXPBULL,USD,spot,3.108e-05,0.013368112161721553
SXPHALF/USD,SXPHALF,USD,spot,10224.0,0.002885791146979702
SXPHALF/USDT,SXPHALF,USDT,spot,10219.5,0.002983468649124523
SXPHEDGE/USD,SXPHEDGE,USD,spot,48.5,-0.005076142131979695
THETABEAR/USD,THETABEAR,USD,spot,2e-08,0.0
THETABULL/USD,THETABULL,USD,spot,0.088525,0.042995027785902314
THETAHALF/USD,THETAHALF,USD,spot,20385.0,0.005003679175864606
THETAHEDGE/USD,THETAHEDGE,USD,spot,18.95,-0.009457183573001684
TOMOBEAR2021/USD,TOMOBEAR2021,USD,spot,1.3835,-0.015019210618232623
TOMOBULL/USD,TOMOBULL,USD,spot,4.09e-06,0.04871794871794872
TOMOHALF/USD,TOMOHALF,USD,spot,13961.0,0.006861371555842943
TOMOHEDGE/USD,TOMOHEDGE,USD,spot,10.056,-0.015705283567619972
TRXBEAR/USD,TRXBEAR,USD,spot,1.3e-07,0.0
TRXBULL/USD,TRXBULL,USD,spot,0.0414,0.06382435537401072
TRXHALF/USD,TRXHALF,USD,spot,17725.0,0.007732105293080903
TRXHEDGE/USD,TRXHEDGE,USD,spot,54.595,-0.00958755426917511
TRYBBEAR/USD,TRYBBEAR,USD,spot,3639.0,0.0
TRYBBULL/USD,TRYBBULL,USD,spot,2678.0,0.0
TRYBHALF/USD,TRYBHALF,USD,spot,5824.5,0.0019783244452090142
TRYBHEDGE/USD,TRYBHEDGE,USD,spot,4775.5,-0.001321406789997967
UNISWAPBEAR/USD,UNISWAPBEAR,USD,spot,0.03627,-0.04259584064144325
UNISWAPBULL/USD,UNISWAPBULL,USD,spot,7.6525,0.024088323854131816
USDTBEAR/USD,USDTBEAR,USD,spot,3388.0,0.0002952465308532625
USDTBULL/USD,USDTBULL,USD,spot,10025.0,0.0
USDTHALF/USD,USDTHALF,USD,spot,6150.25,0.0
USDTHEDGE/USD,USDTHEDGE,USD,spot,4125.5,0.0007252508159071679
VETBEAR/USD,VETBEAR,USD,spot,2.07e-06,-0.0547945205479452
VETBEAR/USDT,VETBEAR,USDT,spot,2.07e-06,-0.0365296803652968
VETBULL/USD,VETBULL,USD,spot,0.003457,0.045942720763723154
VETBULL/USDT,VETBULL,USDT,spot,0.003456,0.03473053892215569
VETHEDGE/USD,VETHEDGE,USD,spot,77.0,-0.012658227848101266
XAUTBEAR/USD,XAUTBEAR,USD,spot,3700.0,0.0
XAUTBULL/USD,XAUTBULL,USD,spot,6637.5,0.0
XAUTHALF/USD,XAUTHALF,USD,spot,6051.0,-0.0008598100229282673
XAUTHEDGE/USD,XAUTHEDGE,USD,spot,4470.5,-0.0003354203935599284
XLMBEAR/USD,XLMBEAR,USD,spot,0.02564,-0.023001508295625944
XLMBULL/USD,XLMBULL,USD,spot,0.0276,0.034879406307977735
XRPBEAR/USD,XRPBEAR,USD,spot,6e-08,0.0
XRPBEAR/USDT,XRPBEAR,USDT,spot,6e-08,0.0
XRPBULL/USD,XRPBULL,USD,spot,0.000221,0.028864059590316574
XRPBULL/USDT,XRPBULL,USDT,spot,0.0002203,0.031608522594240226
XRPHALF/USD,XRPHALF,USD,spot,14474.0,0.0053483364589845105
XRPHEDGE/USD,XRPHEDGE,USD,spot,51.62,-0.009498225079151875
XTZBEAR/USD,XTZBEAR,USD,spot,7.1e-07,-0.04
XTZBEAR/USDT,XTZBEAR,USDT,spot,7.1e-07,-0.05333333333333334
XTZBULL/USD,XTZBULL,USD,spot,0.00074575,0.03576388888888889
XTZBULL/USDT,XTZBULL,USDT,spot,0.0007455,0.07785282616423747
XTZHALF/USD,XTZHALF,USD,spot,7564.5,0.008636726016476215
XTZHEDGE/USD,XTZHEDGE,USD,spot,74.43,-0.011354634275151836
ZECBEAR/USD,ZECBEAR,USD,spot,0.0064975,-0.05618374558303887
ZECBULL/USD,ZECBULL,USD,spot,0.01048,0.1051954732510288
